INSERT INTO [Project_Restaurant1].[dbo].[type_dish]
	([type])
VALUES
   ('гарячі страви'),
   ('закуски'), 
   ('гарячі напої'),
   ('холодні напої'),
   ('десерти'),
   ('супи'),
   ('салати '),
   ('гарніри')
   
INSERT INTO [Project_Restaurant1].[dbo].[ingredients]
	([name])
VALUES
   ('картопля'),
   ('помідор'), 
   ('огірок'),
   ('вода'),
   ('сіль'),
   ('цукор'),
   ('сода'),
   ('сир'),
   ('олія'),  
   ('масло'),   
   ('яйце'),
   ('курка'),
   ('свинина'),    
   ('яловичина'),  
   ('мука'),
   ('перець'),
   ('цибуля'),
   ('часник'), 
   ('морква'),
   ('буряк'),
   ('шампіньйони'),
   ('капуста'),
   ('імбир'),
   ('лосось'),
   ('паприка'),
   ('морепродукти'),
   ('мед'),
   ('яблука'),
   ('рис'),
   ('салат'),
   ('баклажан'),
   ('редиска'),
   ('кабачок'),
   ('грушка'),
   ('ізюм'),
   ('молоко'),
   ('соєвий соус'),
   ('вершки'),
   ('диня'),
   ('кавун'),
   ('лавровий лист'),
   ('кава'),
   ('апельсин'),
   ('банан'),
   ('домашній сир'),
   ('птиця'),
   ('локшина'),
   ('морозиво'), 
   ('персик'),
   ('гарбуз'),
   ('селера'),
   ('петрушка'),
   ('кріп'),
   ('сметана'),
   ('йогурт'),
   ('ікра'),
   ('крабові палички'),
   ('салака'),
   ('хек'),
   ('мінтай'),
   ('горошок'),
   ('кукурудза'),
   ('вівсяна крупа'),
   ('гречка'),
   ('макарони'),
   ('квасоля'),
   ('базилік'),
   ('кінза'),
   ('ківі'),
   ('тунець'),
   ('курага'),
   ('кунжут'),
   ('сібас'),
   ('телапия'),
   ('сьомга'),
   ('хліб'),
   ('томатна паста'),
   ('вершкове масло'),
   ('горіхи'),
   ('какао'),
   ('боби'),
   ('куряча печінка'),
   ('карп'),
   ('тріска'),
   ('креветки'),
   ('судак'),
   ('шпроти'),
   ('сардина'),
   ('сосиски'),
   ('язик'),
   ('джем'),
   ('бісквіт'),
   ('кефір'),
   ('пельмені'),
   ('хінкалі'),
   ('згущене молоко'),
   ('хрін'),
   ('гірчиця'),
   ('кетчуп'),
   ('оливкова олія'),
   ('ананас'),
   ('малина')
   
INSERT INTO [Project_Restaurant1].[dbo].[users] 
	([login], [password])
VALUES
   ('admin', 'admin'),
   ('chef', 'chef'), 
   ('waiter', 'waiter'),
   ('manager', 'manager'),
   ('accountant', 'accountant')    

INSERT INTO [Project_Restaurant1].[dbo].[statuses]
	([name])
VALUES
   ('очікує'),
   ('заплановано'), 
   ('готово'),
   ('виконується'),
   ('доставлено'),
   ('відмінено'),
   ('заборонено')  		
  
INSERT INTO [Project_Restaurant1].[dbo].[waiters]
	([name])
VALUES
	('Андріана'),('Андрій'),('Софія'),('Петро'),('Орест'),('Анастасія'),('Дмитро'),('Данило'),
	('Катерина'),('Сергій'),('Антон'),('Олексій'),('Володимир'),('Тарас'),('Максим'),
	('Юрій'),('Георгій'),('Павло'),('Роман'),('Орій'),('Марян'),('Станіслав'),('Богдан'),
	('Юля'),('Оля'),('Вікторія'),('Олена'),('Люба'),('Олег'),('Христина')

INSERT INTO [Project_Restaurant1].[dbo].[providers]
	([name])
VALUES
	('Агродія'),('Сеньор Салато'),('Харківторгсервіс'),('Галерея'),('Насолода'),('Рамонка'),('Кошик'),
	('Чиста флора'),('Оліс'),('Волошин'),('Монарх'),('Мрія'),('Дім Меда'),('Едельвела'),
	('Діброва'),('Праймфід'),('Кордекс'),('Росич приват'),('Влада-агро'),('Сіль-Інвест'),('Роса'),('Мітпрод плюс'),
	('Слобода'),('Розфуд'),('Галицькі продукції'),('Грейт Харвест'),('Лінкорн'),('Козятин хліб'),('Конрил'),('Богатир'),

	('Квітка'),('Полі-трейд'),('Надія'),('Атлант'),('Агрономо'),('Торбафуд'),('Барманія'),
	('Світ агро'),('Елітфіто'),('Хасс'),('Кабест'),('Родинна щедрість'),('Галян'),('Снек лайф'),
	('ГренТоро'),('Ювента'),('Всесвіт'),('РічАртГруп'),('Мантинга'),('Чудова'),('Щит'),('Кириленко'),
	('Аріус'),('Ніка'),('Вента'),('Обжора'),('Мерандис'),('Шарлотка'),('Якименко'),('Кит'),

	('Нанопротек'),('Грілекс'),('Холвен'),('Конвей'),('СвітПапір'),('РушГруп'),('Карпати'),
	('РіаГруп'),('Наймир'),('Імперія'),('Віолет'),('Гамма'),('Лабеденіц'),('ЕкоМіал'),
	('ЗакарпатсКон'),('Аметист'),('Ормаш'),('Унава'),('Омега'),('Потенціал'),('Кавуська'),('Грейт'),
	('Дейріко'),('Козятин'),('АгроСелПром'),('Груша'),('ВінВай'),('Торговий дім'),('Касар'),('Олімп'),

	('Горішок'),('Спектрум'),('Придуха'),('Голдвейс'),('ПетРома'),('Агро-В'),('Сонях'),
	('Мастер-Милк'),('Контур'),('Кобельков'),('Ремаса'),('Танакон'),('Ресурс'),('Журавчак')

INSERT INTO [Project_Restaurant1].[dbo].[units_of_measurement]
	([name])
VALUES
	('т'),('ц'),('кг'),('г'),('мг'),('куб'),('л'),('мл'),('шт'),('пакет'),('ящик')

INSERT INTO [Project_Restaurant1].[dbo].[platens]
	([number],[people_amount])
VALUES
	(1,2),(2,2),(3,2),(4,3),(5,3),(6,3),(7,4),(8,4),(9,5),
	(10,5),(11,6),(12,6),(13,6),(14,8),(15,8),
	(16,4),(17,4),(18,3),(19,3),(20,5),(21,2)

INSERT INTO [Project_Restaurant1].[dbo].[storage_ingredient]
	([count], [unit_of_measurement_id], [ingredient_id])
VALUES
	   (5,3,1),
	   (6,3,2),
	   (4,3,3),
	   (50,7,4),
	   (5,3,5),
	   (10,3,6),
	   (1,3,7),
	   (4,3,8),
	   (4,7,9),
	   (2,3,10),
	   (50,9,11),
	   (5,3,12),
	   (4,3,13),
	   (4,3,14),
	   (10,3,15), 
	   (100,4,16),
	   (2,3,17),
	   (500,4,18),
	   (2,3,19),
	   (3,3,20),
	   (1,3,21),
	   (2,3,22),
	   (100,4,23),
	   (4,3,24),
	   (200,4,25),
	   (800,4,26),
	   (300,4,27),
	   (5,3,28),
	   (3,3,29)


	   
INSERT INTO [Project_Restaurant1].[dbo].[shipment]
	([id_content],[id_storage_ingredient],[time])
VALUES
	   (1,1,'2018-10-03 10:23:45'),
	   (2,2,'2018-10-10 10:23:45'),
	   (3,3,'2018-10-17 10:23:45'),
	   (3,4,'2018-10-24 10:23:45'),
	   (3,5,'2018-10-30 10:23:45'),
	   (4,6,'2018-11-03 10:23:45'),
	   (5,7,'2018-11-03 10:23:45'),
	   (5,8,'2018-11-16 10:23:45'),
	   (6,9,'2018-11-16 10:43:45'),
	   (8,10,'2018-11-21 10:43:45'),
	   (8,11,'2018-11-22 14:33:27'),
	   (9,12,'2018-11-23 10:43:45'),
	   (9,13,'2018-11-24 10:43:45'),
	   (10,14,'2018-11-24 14:33:27'),
	   (10,15,'2018-11-25 10:43:45'),
	   (11,16,'2018-11-26 10:43:45'),
	   (13,17,'2018-11-26 14:33:27'),
	   (14,18,'2018-11-27 10:43:45'),
	   (15,19,'2018-11-28 10:43:45'),
	   (15,20,'2018-11-28 10:43:45'),
	   (16,21,'2018-11-29 10:43:45'),
	   (20,22,'2018-11-30 14:33:27'),
	   (21,23,'2018-12-02 10:43:45'),
	   (21,24,'2018-12-02 10:43:45'),
	   (23,25,'2018-12-05 14:33:27'),
	   (24,26,'2018-12-06 10:43:45'),
	   (25,27,'2018-12-10 10:43:45'),
	   (26,28,'2018-12-12 14:33:27'),
	   (27,29,'2018-12-13 10:43:45')
	   
INSERT INTO [Project_Restaurant1].[dbo].[order_ingredients]
	([order_time], [execute_time], [provider_id], [status_id])
VALUES
	   ('2018-10-02 10:23:45', '2018-10-03 12:43:45',3,5),
	   ('2018-10-09 10:23:45', '2018-10-10 10:43:45',5,2),
	   ('2018-10-16 11:23:45', '2018-10-17 13:43:45',9,2),
	   ('2018-10-23 12:23:45', '2018-10-24 11:43:45',11,5),
	   ('2018-10-30 12:23:45', '2018-10-30 19:43:45',4,2),
	   ('2018-11-01 13:23:45', '2018-11-03 11:43:45',3,5),
	   ('2018-11-02 14:23:45', '2018-11-03 12:43:45',5,5),
	   ('2018-11-15 15:23:45', '2018-11-16 9:43:45',9,2),
	   ('2018-11-15 16:23:45', '2018-11-16 11:43:45',11,2),
	   ('2018-11-20 16:23:45', '2018-11-21 13:43:45',4,2),
	   ('2018-11-21 17:23:45', '2018-11-22 11:43:45',3,5),
	   ('2018-11-22 18:23:45', '2018-11-23 17:43:45',5,5),
	   ('2018-11-23 19:23:45', '2018-11-24 18:43:45',9,2),
	   ('2018-11-23 9:23:45', '2018-11-24 15:43:45',11,2),
	   ('2018-11-24 10:23:45', '2018-11-25 13:43:45',4,2),
	   ('2018-11-25 11:23:45', '2018-11-26 15:43:45',3,5),
	   ('2018-11-25 12:23:45', '2018-11-26 16:43:45',5,2),
	   ('2018-11-26 13:23:45', '2018-11-27 9:43:45',9,5),
	   ('2018-11-27 14:23:45', '2018-11-28 10:43:45',11,2),
	   ('2018-11-27 15:23:45', '2018-11-28 11:43:45',4,2),
	   ('2018-11-28 16:23:45', '2018-11-29 13:43:45',3,5),
	   ('2018-11-29 17:23:45', '2018-11-30 14:43:45',5,5),
	   ('2018-12-01 9:23:45', '2018-12-02 11:43:45',9,2),
	   ('2018-12-01 11:23:45', '2018-12-02 18:43:45',11,2),
	   ('2018-12-04 12:23:45', '2018-12-05 8:43:45',4,2),
	   ('2018-12-05 12:23:45', '2018-12-06 9:43:45',3,5),
	   ('2018-12-09 13:23:45', '2018-12-10 5:43:45',5,5),
	   ('2018-12-10 13:23:45', '2018-12-16 15:43:45',9,2),
	   ('2018-12-11 14:23:45', '2018-12-12 13:43:45',11,5),
	   ('2018-12-12 15:23:45', '2018-12-13 12:43:45',4,2)


INSERT INTO [Project_Restaurant1].[dbo].[content_order_ingredients]
	([count],[price],[order_ingredients_id],[ingredient_id],[unit_of_measurement_id])
VALUES
	   (5,50,1,1,3),
	   (2,70,2,2,3),
	   (1,150,3,6,3),
	   (5,320,3,16,3),
	   (2,280,3,17,3),
	   (3,40,4,18,3),
	   (4,500,5,19,3),
	   (4,150,5,20,3),
	   (2,80,5,21,3),
	   (2,170,11,22,3),
	   (3,180,11,23,3),
	   (2,100,9,6,3),
	   (4,320,9,7,3),
	   (1,70,9,8,3),
	   (5,700,15,14,3),
	   (1,100,15,9,3),
	   (7,50,18,10,3),
	   (2,70,18,11,3),
	   (2,200,18,12,3),
	   (2,100,19,22,3),
	   (4,80,20,23,3),
	   (3,120,21,4,3),
	   (3,20,22,24,3),
	   (1,110,23,25,3),
	   (8,90,24,26,3),
	   (9,30,25,1,3),
	   (10,60,25,2,3),
	   (1,50,26,19,3),
	   (2,80,27,20,3),
	   (2,140,28,21,3)


INSERT INTO [Project_Restaurant1].[dbo].[orders] 
	([time], [status_id], [table_id], [waiter_id])
VALUES
	   ('2018-10-03 10:20:29.123',3,13,9),
	   ('2018-10-04 11:15:29.123',3,5,14),
	   ('2018-10-05 12:34:29.123',3,16,15),
	   ('2018-10-06 13:10:29.123',3,20,12),
	   ('2018-10-07 14:34:29.123',3,5,11),
	   ('2018-10-08 15:11:29.123',3,9,10),
	   ('2018-10-08 16:43:29.123',3,4,3),
	   ('2018-10-09 17:55:29.123',3,12,4),
	   ('2018-10-10 18:59:29.123',3,13,3),
	   ('2018-10-11 09:10:29.123',3,3,9),
	   ('2018-10-11 10:00:29.123',3,19,8),
	   ('2018-10-11 11:12:29.123',3,20,6),
	   ('2018-10-12 09:13:29.123',3,16,2),
	   ('2018-10-12 11:44:29.123',3,5,1),
	   ('2018-10-12 13:33:29.123',3,9,2),
	   ('2018-10-12 15:31:29.123',3,4,1),
	   ('2018-10-13 11:17:29.123',3,12,15),
	   ('2018-10-13 12:19:29.123',3,5,14),  
	   ('2018-10-13 13:32:29.123',3,8,11),
	   ('2018-10-13 14:31:29.123',3,13,10),
	   ('2018-10-13 15:18:29.123',3,14,7),
	   ('2018-10-14 09:19:29.123',3,15,3),
	   ('2018-10-14 10:21:29.123',3,21,5),
	   ('2018-10-14 11:41:29.123',3,7,4),
	   ('2018-10-15 09:51:29.123',3,8,2),
	   ('2018-10-15 15:01:29.123',3,10,3),
	   ('2018-10-15 17:05:29.123',3,5,13),
	   ('2018-10-15 18:35:29.123',3,4,11),
	   ('2018-10-16 10:56:29.123',3,17,11),
	   ('2018-10-16 15:18:29.123',3,19,9)

INSERT INTO [Project_Restaurant1].[dbo].[menu]
	([unit_of_measurement_id],[type_dish_id],[dish_name],[size] ,[price])
VALUES
		(8,6,'Борщ',300,40),
		(8,6,'Грибний суп',350,45),
		(8,6,'Курячий бульйон',270,50),
		(8,6,'Гороховий суп',320,35),
		(4,1,'Шашлик',360,130),
		(4,1,'Відбивна',210,50),
		(4,1,'Крильця',280,80),
		(4,2,'Канапки із ікрою',30,25),
		(4,2,'Крученики',80,30),
		(4,7,'Грецький салат',150,60),
		(4,7,'Олівє',140,45),
		(4,8,'Картопля',210,45),
		(4,8,'Гречка',190,35),
		(4,5,'Торт Спартак',110,40),
		(4,5,'Сирник',90,35),
	    (4,1,'Деруни',150,35),
		(4,1,'Вареники', 200,45),
		(4,1,'Налисники із сиром', 140, 40),
		(4,5,'Пиріг із яблуками', 160, 25),
		(4,1,'Голубці', 220, 40),
		(4,1,'Котлети', 120, 35),
		(4,1,'Судак', 250, 110),
		(4,1,'Картопля фрі', 60, 35),
		(4,1,'Гамбургер', 325, 55),
		(4,6,'Хінкалі', 200, 70),
		(4,1,'Омлет', 140, 35),
		(4,1,'Нагетси', 160, 65),
		(8,6,'Суп з галушками', 250, 60),
		(8,6,'Суп із морепродуктами', 180, 95),
		(4,5,'Пахлава', 85, 40)
		
INSERT INTO [Project_Restaurant1].[dbo].[checks]
	([order_id], [menu_id], [count])
VALUES
	   (1,30,2),
	   (1,4,2),
	   (2,13,3),           
	   (3,20,1),
	   (4,21,2),
	   (4,4,2),
	   (5,8,3),
	   (5,25,2),
	   (5,29,3),
	   (6,6,1),
	   (6,7,1),
	   (7,8,1),
	   (8,11,1),
	   (9,29,1),           
	   (9,20,1),
	   (10,11,2),
	   (11,1,3),
	   (11,12,2),
	   (12,2,3),
	   (12,5,2),
	   (12,9,1),
	   (13,16,2),
	   (14,17,1),
	   (14,4,1),           
	   (14,27,1),
	   (15,28,2),
	   (16,9,2),
	   (17,11,2),
	   (18,3,1),
	   (18,4,2)
	   
INSERT INTO [Project_Restaurant1].[dbo].[cooking]
	([check_id], [status_id], [receive_time], [execute_time])
VALUES
		(1,3,'2018-10-03 10:20:29.123','2018-10-03 10:30:29.123'),
		(2,4,'2018-10-04 11:15:29.123','2018-10-04 11:35:29.123'),
		(3,3,'2018-10-05 12:34:29.123','2018-10-05 12:54:29.123'),
		(4,4,'2018-10-06 13:10:29.123','2018-10-06 13:30:29.123'),
		(5,4,'2018-10-07 14:34:29.123','2018-10-07 14:54:29.123'),
		(6,3,'2018-10-08 15:11:29.123','2018-10-08 15:41:29.123'),
		(7,3,'2018-10-08 16:43:29.123','2018-10-08 17:03:29.123'),
		(8,3,'2018-10-09 17:55:29.123','2018-10-09 18:55:29.123'),
		(9,4,'2018-10-10 18:59:29.123','2018-10-10 19:29:29.123'),
		(10,3,'2018-10-11 09:10:29.123','2018-10-11 09:30:29.123'),
		(11,3,'2018-10-11 10:00:29.123','2018-10-11 10:30:29.123'),
		(12,4,'2018-10-11 11:12:29.123','2018-10-11 11:32:29.123'),
		(13,3,'2018-10-12 09:13:29.123','2018-10-12 09:33:29.123'),
		(14,3,'2018-10-12 11:44:29.123','2018-10-12 11:54:29.123'),
		(15,4,'2018-10-12 13:33:29.123','2018-10-12 13:53:29.123'),
		(16,3,'2018-10-12 15:31:29.123','2018-10-12 15:41:29.123'),
		(17,3,'2018-10-13 11:17:29.123','2018-10-13 11:47:29.123'),
		(18,4,'2018-10-13 12:19:29.123','2018-10-13 12:59:29.123'),  
		(19,4,'2018-10-13 13:32:29.123','2018-10-13 13:53:29.123'),
		(20,3,'2018-10-13 14:31:29.123','2018-10-13 14:51:29.123'),
		(21,4,'2018-10-13 15:18:29.123','2018-10-13 15:58:29.123'),
		(22,3,'2018-10-14 09:19:29.123','2018-10-14 09:59:29.123'),
		(23,4,'2018-10-14 10:21:29.123','2018-10-14 11:00:29.123'),
		(24,3,'2018-10-14 11:41:29.123','2018-10-14 12:01:29.123'),
		(25,3,'2018-10-15 09:51:29.123','2018-10-15 10:21:29.123'),
		(26,3,'2018-10-15 15:01:29.123','2018-10-15 15:41:29.123'),
		(27,4,'2018-10-15 17:05:29.123','2018-10-15 17:45:29.123'),
		(28,4,'2018-10-15 18:35:29.123','2018-10-15 18:55:29.123'),
		(29,3,'2018-10-16 10:56:29.123','2018-10-16 11:36:29.123'),
		(30,4,'2018-10-16 15:18:29.123','2018-10-16 15:58:29.123')	 




INSERT INTO [Project_Restaurant1].[dbo].[recipes]
	([menu_id], [ingredient_id], [count], [unit_of_measurement_id])
VALUES
	   (1,1,240,4), --борщ/картопля
	   (1,5,10,4), --борщ/сіль
	   (1,14,50,4), --борщ/яловичина
	   
	   (5,13,350,4), --шашлик/свинина
	   (5,5,10,4), --шашлик/сіль
	   
	   (9,13,50,4), --крученики/свинина
	   (9,5,10,4), --крученики/сіль
	   (9,2,20,4), --крученики/помідор
	   
	   (10,8,60,4), --грецький салат/сир
	   (10,2,50,4), --грецький салат/помідор
	   (10,3,40,4), --грецький салат/огірок
	   
	   (14,10,60,4), --спартак/масло
	   (14,11,30,4), --спартак/яйце
	   (14,6,20,4), --спартак/цукор

	   (2,1,320,4), --грибний суп/картопля
	   (2,4,1,7), --грибний суп/вода
	   (2,5,10,4), --грибний суп/сіль

	   (3,1,140,4), --курячий бульйон/картопля
	   (3,5,10,4), --курячий бульйон/сіль
	   (3,12,120,4), --курячий бульйон/курка

	   (4,1,310,4), --гороховий суп/картопля
	   (4,5,10,4), --гороховий суп/сіль

	   (6,13,200,4), --відбивна/свинина
	   (6,5,10,4), --відбивна/сіль

	   (7,12,270,4), --крильця/курка
	   (7,5,10,4), --відбивна/сіль

	   (8,15,25,4), --канапки із ікрою/мука
	   (8,5,2,4), --канапки із ікрою/сіль
	   (8,10,13,4), --канапки із ікрою/масло

	   (11,2,25,4), --олівє/помідор
	   (11,1,100,4), --олівє/картопля
	   (11,3,15,4), --олівє/огірок

	   (12,1,200,4), --картопля/картопля
	   (12,5,10,4), --картопля/сіль

	   (13,16,185,4), --гречка/гречка
	   (13,5,5,4), --гречка/сіль

	   (15,6,10,4), --сирник/цукор
	   (15,15,20,4), --сирник/мука
	   (15,8,60,4), --сирник/сир
	   
	   (16,1,140,4), -- деруни/картопля
	   (16,5,5,4), -- деруни/сіль
	   (16,16,5,4), -- деруни/перець
	   
	   (17,1,100,4), -- вареники/картопля
	   (17,15,60,4), -- вареники/мука
	   (17,8,40,4), -- вареники/сир
	   
	   (18,15,80,4), -- налисники/мука
	   (18,8,60,4), -- налисники/сир
	   
	   (19,15,80,4), -- пиріг/мука
	   (19,28,70,4), -- пиріг/яблука
	   (19,6,10,4), -- пиріг/цукор
	   
	   (20,22,40,4), -- голубці/капуста
	   (20,29,100,4), -- голубці/рис
	   (20,13,80,4), -- голубці/свинина
	   
	   (21,13,100,4), -- котлета/свинина
	   (21,15,15,4), -- котлета/мука
	   (21,5,5,4), -- котлета/сіль
	  
	   (22,24,230,4), -- судак/риба
	   (22,9,20,8), -- судак/олія
	   
	   (23,1,55,4), -- Картопля фрі/картопля
	   (23,5,5,4), -- Картопля фрі/сіль
	   
	   (24,15,170,4), -- Гамбургер/мука
	   (24,14,150,4), -- Гамбургер/яловичина
	   (24,5,5,4), -- Гамбургер/сіль
	   
	   (25,15,80,4), -- Хінкалі/мука
	   (25,13,70,4), -- Хінкалі/свинина
	   (25,4,50,8), -- Хінкалі/вода
	   
	   (26,11,90,4), -- Омлет/яйце
	   (26,15,50,4), -- Омлет/мука
	   
	   (27,15,30,4), -- Нагетси/мука
	   (27,13,130,4), -- Нагетси/свинина
	   
	   (28,12,110,4), -- Суп з галушками/курка
	   (28,15,70,4), -- Суп з галушками/мука
	   (28,4,70,8), -- Суп з галушками/вода
	   
	   (29,4,50,8), -- Суп із морепродуктами/вода
	   (29,26,130,4), -- Суп із морепродуктами/морепродукти
	   
	   (30,27,45,4), -- Пахлава/мед
	   (30,13,40,4) -- Пахлава/мука